{"cameraMode":{"drawMode":0,"name":"Shaded","section":"Shading Mode"},"sceneLighting":true,"audioPlay":false,"sceneViewState":{"m_AlwaysRefresh":false,"showFog":true,"showSkybox":true,"showFlares":true,"showImageEffects":true,"showParticleSystems":true,"showVisualEffectGraphs":true,"m_FxEnabled":true},"in2DMode":false,"pivot":{"x":-15.85732650756836,"y":-0.7265647649765015,"z":18.003398895263673},"rotation":{"x":0.03929439187049866,"y":-0.01649484969675541,"z":0.0005888277082704008,"w":0.9991756677627564},"size":6.932517051696777,"orthographic":false}